Date,Open,High,Low,Close,Volume,Change
2015-10-01,10638,10638,10569,10572,30032,
2015-10-02,10609,10634,10609,10621,60029,0.00463488460083239
2015-10-05,10737,10747,10688,10708,40976,0.00819131908483195
2015-10-06,10728,10757,10648,10650,40252,-0.005416511019798231
2015-10-07,10569,10569,10413,10413,20248,-0.0222535211267606
2015-10-08,10472,10492,10246,10316,40068,-0.009315278978200281
2015-10-12,10314,10314,10284,10291,40071,-0.0024234199302055615
2015-10-13,10334,10334,10237,10237,20026,-0.005247303469050668
2015-10-14,10232,10265,10187,10187,22141,-0.004884243430692603
2015-10-15,10241,10270,10172,10272,243515,0.008343967802100671
2015-10-16,10373,10447,10368,10423,301757,0.014700155763239797
2015-10-19,10452,10457,10403,10413,293816,-0.0009594166746618171
2015-10-20,10447,10559,10403,10562,285721,0.01430903678094686
2015-10-21,10574,10584,10447,10473,305202,-0.008426434387426629
2015-10-22,10413,10418,10280,10301,255949,-0.01642318342404281
2015-10-23,10373,10408,10338,10408,234848,0.01038734103485095
2015-10-26,10457,10559,10437,10562,254135,0.014796310530361234
2015-10-27,10594,10614,10467,10468,249757,-0.0088998295777315
2015-10-28,10512,10668,10452,10664,239769,0.018723729461215033
2015-10-29,10693,10703,10594,10621,249038,-0.0040322580645161255
2015-10-30,10629,10629,10452,10458,231953,-0.015346954147443692
2015-11-02,10497,10521,10423,10423,226952,-0.0033467202141901353
2015-11-03,10512,10554,10413,10497,222643,0.007099683392497447
2015-11-04,10517,10544,10462,10547,222544,0.00476326569496055
2015-11-05,10589,10708,10589,10708,293936,0.015265004266616033
2015-11-06,10805,10815,10728,10758,196942,0.004669406051550196
2015-11-09,10800,10800,10418,10438,312418,-0.029745305818925427
2015-11-10,10329,10403,10078,10178,368001,-0.024908986395861255
2015-11-11,10142,10378,10137,10381,319402,0.019944979367262805
2015-11-12,10418,10539,10418,10492,335240,0.010692611501782023
2015-11-13,10398,10487,10334,10468,368605,-0.002287457110179192
2015-11-16,10255,10418,10255,10331,323207,-0.01308750477646159
2015-11-17,10497,10521,10447,10512,306449,0.017520085180524614
2015-11-18,10589,10619,10534,10562,315926,0.00475646879756475
2015-11-19,10629,10728,10589,10679,305928,0.011077447453133882
2015-11-20,10703,10742,10673,10743,2243,0.0059930705122202
2015-11-23,10767,10839,10737,10758,396349,0.0013962580284836434
2015-11-24,10785,10820,10742,10778,383702,0.001859081613682756
2015-11-25,10805,10825,10742,10773,354343,-0.00046390796066064777
2015-11-26,10844,10884,10777,10877,377678,0.009653764039728951
2015-11-27,10864,10924,10815,10822,447458,-0.005056541325733188
2015-11-30,10879,10879,10713,10787,329716,-0.0032341526520052177
2015-12-01,10815,10884,10767,10867,346495,0.007416334476684883
2015-12-02,10958,10983,10849,10852,404124,-0.001380325756878631
2015-12-03,10854,10904,10772,10906,320682,0.004976041282712895
2015-12-04,10762,10820,10757,10802,349083,-0.009536035209976146
2015-12-07,10884,10894,10688,10688,307686,-0.010553601184965733
2015-12-08,10643,10698,10413,10468,407333,-0.020583832335329344
2015-12-09,10433,10437,10393,10399,303776,-0.00659151700420324
2015-12-10,10368,10413,10187,10282,417682,-0.011251081834791843
2015-12-11,10299,10304,10078,10120,316150,-0.015755689554561414
2015-12-14,9932,9932,9744,9751,348085,-0.03646245059288533
2015-12-15,9842,9951,9803,9952,325183,0.020613270433801567
2015-12-16,10043,10103,10020,10041,371288,0.008942926045016009
2015-12-17,10118,10177,10005,10178,406445,0.013644059356637817
2015-12-18,10123,10403,10058,10404,690657,0.02220475535468669
2015-12-21,10343,10428,10338,10386,742594,-0.0017301038062284002
2015-12-22,10378,10378,10251,10311,491735,-0.00722125938763718
2015-12-23,10348,10348,10241,10247,499728,-0.006206963437106028
2015-12-24,10232,10246,10118,10120,441201,-0.012393871376988441
2015-12-28,10113,10275,10073,10277,410980,0.015513833992094828
2015-12-29,10212,10624,10212,10626,491384,0.03395932665174661
2015-12-30,10678,10820,10634,10822,395520,0.01844532279314892
2016-01-04,10844,10933,10619,10748,619538,-0.006837922749953762
2016-01-05,10584,10854,10534,10857,882234,0.010141421659843664
2016-01-06,10869,10953,10718,10954,545702,0.008934328083264331
2016-01-07,10884,11003,10723,10832,853205,-0.011137484024100752
2016-01-08,10609,10924,10559,10857,3667733,0.002307976366322073
2016-01-11,10849,11003,10728,10768,364475,-0.008197476282582716
2016-01-12,10795,10874,10698,10713,368017,-0.0051077265973253905
2016-01-13,10830,10953,10777,10944,2358320,0.02156258751050122
2016-01-14,10805,10938,10728,10929,525499,-0.0013706140350877583
2016-01-15,11085,11085,10777,10837,507937,-0.008417970537103137
2016-01-18,10762,11023,10747,11023,473409,0.017163421611146923
2016-01-19,11045,11090,10933,11058,427540,0.003175179170824549
2016-01-20,11080,11154,10805,10959,339438,-0.008952794357026561
2016-01-21,10953,11013,10790,10896,356769,-0.005748699698877591
2016-01-22,10983,11028,10785,10929,322920,0.003028634361233573
2016-01-25,11036,11130,11003,11107,530587,0.01628694299569955
2016-01-26,11060,11144,11060,11117,359725,0.0009003331232555478
2016-01-27,11174,11174,10914,10959,391438,-0.014212467392282102
2016-01-28,10948,11065,10889,11038,356251,0.007208686923989349
2016-01-29,11075,11080,10938,11083,416093,0.004076825511868165
2016-02-01,11174,11204,11100,11199,283150,0.010466480194893046
2016-02-02,11214,11224,11159,11194,439150,-0.0004464684346816572
2016-02-03,11130,11179,11070,11175,445326,-0.0016973378595676047
2016-02-04,11179,11214,11080,11122,710169,-0.00474272930648767
2016-02-05,11120,11120,11023,11068,380278,-0.004855241862974258
2016-02-11,10869,10874,10472,10483,531719,-0.05285507770148179
2016-02-12,10353,10378,9528,9677,593824,-0.07688638748449872
2016-02-15,9813,9922,9686,9840,1014078,0.01684406324274046
2016-02-16,9946,10142,9932,10071,545271,0.023475609756097526
2016-02-17,10093,10157,9788,9790,710033,-0.027901896534604287
2016-02-18,9990,10078,9961,10071,502689,0.028702757916241106
2016-02-19,10078,10182,10034,10178,454044,0.010624565584351098
2016-02-22,10192,10319,10192,10301,409585,0.012084888976223285
2016-02-23,10383,10383,10088,10158,677786,-0.013882147364333575
2016-02-24,10108,10192,10068,10124,624182,-0.003347115573931858
2016-02-25,10207,10207,10108,10168,663069,0.00434610825760573
2016-02-26,10251,10251,10133,10197,364849,0.0028520849724626984
2016-02-29,10197,10255,10137,10257,630334,0.005884083553986397
2016-03-02,10343,10462,10343,10448,736051,0.01862142926781707
2016-03-03,10507,10658,10428,10659,418218,0.020195252679938713
2016-03-04,10688,10698,10559,10688,439904,0.002720705507083254
2016-03-07,10703,10747,10507,10567,437687,-0.011321107784431184
2016-03-08,10668,10698,10467,10582,398617,0.001419513580013243
2016-03-09,10569,10698,10526,10698,447258,0.010962010962010993
2016-03-10,10703,10737,10643,10708,534081,0.0009347541596560482
2016-03-11,10757,10795,10668,10684,498072,-0.0022413149047441072
2016-03-14,10742,10790,10673,10713,399076,0.0027143391988020404
2016-03-15,10673,10762,10629,10631,450341,-0.007654251843554505
2016-03-16,10629,10673,10614,10636,427463,0.000470322641331844
2016-03-17,10737,10785,10658,10679,407799,0.004042873260624358
2016-03-18,10747,10757,10663,10758,691798,0.007397696413521837
2016-03-21,10839,10844,10629,10688,699862,-0.006506785647889979
2016-03-22,10693,10733,10589,10674,617489,-0.0013098802395209441
2016-03-23,10688,10757,10624,10650,412192,-0.0022484541877458852
2016-03-24,10648,10673,10521,10532,522365,-0.011079812206572726
2016-03-25,10521,10609,10497,10512,507120,-0.0018989745537409952
2016-03-28,10549,10549,10363,10366,407340,-0.01388888888888884
2016-03-29,10373,10531,10373,10512,337089,0.014084507042253502
2016-03-30,10589,10589,10517,10517,399641,0.0004756468797564306
2016-03-31,10531,10604,10482,10562,417227,0.0042787867262528145
2016-04-01,10539,10668,10539,10669,405132,0.01013065707252414
2016-04-04,10663,10777,10663,10778,410612,0.010216515137313698
2016-04-05,10777,10805,10663,10713,421206,-0.006030803488587866
2016-04-06,10781,10785,10604,10655,505835,-0.0054139830112946985
2016-04-07,10693,10737,10668,10738,494370,0.00778977006100412
2016-04-08,10737,10767,10653,10655,418954,-0.007729558577016182
2016-04-11,10693,10747,10569,10582,463737,-0.006851243547630226
2016-04-12,10579,10624,10507,10532,394104,-0.0047250047250047
2016-04-14,10634,10663,10467,10522,538668,-0.0009494872768704976
2016-04-15,10526,10579,10482,10512,540119,-0.0009503896597604644
2016-04-18,10487,10574,10442,10502,545646,-0.0009512937595129722
2016-04-19,10589,10599,10502,10596,651111,0.008950676061702634
2016-04-20,10668,10668,10559,10611,433413,0.0014156285390714007
2016-04-21,10609,10619,10526,10567,426824,-0.004146640278955838
2016-04-22,10599,10599,10544,10562,401566,-0.0004731711933377847
2016-04-25,10604,10614,10549,10596,425104,0.003219087294073164
2016-04-26,10614,10643,10544,10567,401026,-0.0027368818422045527
2016-04-27,10624,10624,10507,10517,329107,-0.004731711933377514
2016-04-28,10535,10555,10452,10458,365701,-0.005609964818864666
2016-04-29,10452,10472,10368,10473,385726,0.0014343086632242485
2016-05-02,10467,10472,10284,10286,372182,-0.017855437792418605
2016-05-03,10284,10423,10284,10423,419134,0.01331907447015368
2016-05-04,10433,10433,10343,10345,386138,-0.0074834500623620626
2016-05-09,10393,10418,10289,10350,271066,0.0004833252779119501
2016-05-10,10348,10437,10348,10438,262665,0.008502415458937262
2016-05-11,10492,10527,10467,10522,325185,0.008047518681739696
2016-05-12,10507,10540,10447,10542,285375,0.0019007793195209288
2016-05-13,10545,10550,10467,10527,264398,-0.001422879908935637
2016-05-16,10527,10531,10462,10478,349100,-0.004654697444666067
2016-05-17,10477,10502,10314,10345,645342,-0.012693262072914657
2016-05-18,10309,10334,10161,10162,416345,-0.017689705171580528
2016-05-19,10161,10196,10004,10098,615470,-0.0062979728399921164
2016-05-20,10077,10216,10042,10216,437821,0.011685482273717573
2016-05-23,10240,10314,10226,10261,548744,0.004404855129209073
2016-05-24,10284,10319,10226,10251,445678,-0.0009745638826624825
2016-05-25,10329,10353,10255,10305,311060,0.005267778753292429
2016-05-26,10353,10378,10236,10241,309167,-0.006210577389616723
2016-05-27,10240,10280,10236,10266,414791,0.002441167854701609
2016-05-30,10329,10398,10265,10389,753773,0.01198129748684984
2016-05-31,10393,10477,10348,10478,338222,0.008566753296756158
2016-06-01,10517,10531,10442,10458,402536,-0.0019087612139720989
2016-06-02,10482,10531,10423,10478,395032,0.0019124115509656647
2016-06-03,10477,10477,10403,10428,392622,-0.004771903034930358
2016-06-07,10447,10540,10437,10502,375589,0.007096279248177906
2016-06-08,10512,10570,10452,10572,254990,0.006665397067225243
2016-06-09,10600,10664,10433,10547,267171,-0.0023647370412409607
2016-06-10,10545,10575,10497,10557,264621,0.0009481369109698434
2016-06-13,10462,10462,10348,10365,267117,-0.01818698493890314
2016-06-14,10353,10423,10265,10335,255296,-0.0028943560057886897
2016-06-15,10329,10413,10260,10394,339857,0.00570875665215298
2016-06-16,10423,10433,10151,10187,362252,-0.019915335770636866
2016-06-17,10211,10275,10097,10153,341765,-0.003337587120840313
2016-06-20,10211,10275,10151,10266,348688,0.011129715355067571
2016-06-21,10314,10314,10211,10271,384453,0.0004870446132865247
2016-06-22,10299,10319,10231,10246,391528,-0.0024340375815402604
2016-06-23,10240,10240,10033,10128,522504,-0.011516689439781347
2016-06-24,10280,10280,9466,9708,479810,-0.041469194312796165
2016-06-27,9392,9786,9392,9723,422209,0.0015451174289244918
2016-06-28,9594,9860,9579,9832,450759,0.011210531728890194
2016-06-29,9915,10019,9915,9975,410994,0.014544344995931713
2016-06-30,9974,10176,9974,10177,332509,0.020250626566415963
2016-07-01,10176,10329,10117,10261,1229649,0.00825390586616881
2016-07-04,10255,10334,10255,10305,276474,0.004288081083715145
2016-07-05,10353,10428,10284,10413,354953,0.010480349344978102
2016-07-06,10343,10358,10196,10266,514366,-0.014116969173148974
2016-07-07,10309,10403,10309,10404,433480,0.013442431326709636
2016-07-08,10442,10452,10294,10320,407671,-0.008073817762399127
2016-07-11,10348,10408,10329,10408,308088,0.00852713178294584
2016-07-12,10408,10452,10353,10380,250955,-0.0026902382782475476
2016-07-13,10428,10467,10388,10389,371214,0.0008670520231213175
2016-07-14,10413,10433,10324,10385,357544,-0.00038502262007888977
2016-07-15,10428,10452,10314,10330,330282,-0.005296100144439042
2016-07-18,10338,10378,10270,10315,257280,-0.0014520813165537216
2016-07-19,10338,10368,10319,10335,387226,0.0019389238972369327
2016-07-20,10393,10408,10358,10394,360903,0.00570875665215298
2016-07-21,10433,10472,10433,10458,416510,0.0061573984991341035
2016-07-22,10467,10487,10428,10458,306369,0.0
2016-07-25,10502,10502,10398,10399,387005,-0.005641614075349022
2016-07-26,10403,10423,10324,10423,515706,0.002307914222521301
2016-07-27,10447,10447,10289,10330,381165,-0.008922575074354788
2016-07-28,10329,10368,10240,10345,616505,0.0014520813165537216
2016-07-29,10343,10408,10324,10404,356898,0.005703238279362033
2016-08-01,10403,10418,10289,10310,394310,-0.009034986543637102
2016-08-02,10255,10284,10196,10256,509484,-0.005237633365664407
2016-08-03,10236,10236,10112,10211,503832,-0.004387675507020239
2016-08-04,10245,10294,10201,10251,503654,0.003917344040740289
2016-08-05,10289,10289,10072,10138,425741,-0.011023314798556227
2016-08-08,10137,10171,10092,10172,428394,0.0033537186821859244
2016-08-09,10211,10334,10196,10271,578198,0.009732599292174626
2016-08-10,10309,10452,10309,10423,402451,0.014798948495764686
2016-08-11,10447,10477,10324,10370,673101,-0.00508490837570752
2016-08-12,10373,10413,10334,10350,408030,-0.0019286403085824189
2016-08-16,10383,10418,10319,10320,392775,-0.0028985507246376274
2016-08-17,10309,10324,10112,10256,481706,-0.006201550387596955
2016-08-18,10294,10304,10231,10305,374984,0.004777691107644255
2016-08-19,10304,10338,10260,10286,446173,-0.0018437651625424767
2016-08-22,10304,10314,10127,10153,386567,-0.012930196383433845
2016-08-23,10122,10240,10107,10138,477812,-0.0014773958435930767
2016-08-24,10166,10181,10107,10153,424284,0.0014795817715524961
2016-08-25,10166,10166,10072,10093,823583,-0.005909583374372085
2016-08-26,10077,10077,9984,10034,353505,-0.005845635589022069
2016-08-29,10019,10019,9772,9822,349021,-0.021128164241578595
2016-08-30,9836,9900,9811,9852,443643,0.0030543677458765295
2016-08-31,9845,9860,9693,9817,507841,-0.003552578156719499
2016-09-01,9816,9959,9767,9960,419789,0.014566568198023822
2016-09-02,9984,10029,9920,10024,532808,0.006425702811244882
2016-09-05,10029,10082,10029,10054,481008,0.002992817238627321
2016-09-06,10042,10082,9969,9985,526679,-0.006862940123333994
2016-09-07,10042,10067,9895,9925,405573,-0.006009013520280382
2016-09-08,9979,10004,9840,9970,475839,0.00453400503778334
2016-09-09,9949,9949,9826,9877,503401,-0.009327983951855523
2016-09-12,9708,9801,9668,9689,397975,-0.01903411967196522
2016-09-13,9762,9801,9708,9763,680665,0.007637527092579255
2016-09-19,9777,9831,9738,9832,591365,0.0070674997439310605
2016-09-20,9786,9959,9781,9950,382703,0.012001627339300214
2016-09-21,9959,9999,9910,9965,502406,0.0015075376884421399
2016-09-22,10037,10107,10014,10054,500321,0.008931259407927827
2016-09-23,10072,10137,10037,10103,522252,0.004873682116570466
2016-09-26,10097,10156,10062,10064,330517,-0.0038602395328120043
2016-09-27,10047,10137,10009,10128,376176,0.006359300476947549
2016-09-28,10102,10132,10024,10024,297369,-0.010268562401263837
2016-09-29,10052,10097,10042,10093,257134,0.0068834796488428385
2016-09-30,10047,10062,9910,9945,261550,-0.014663628257208017
2016-10-04,9920,10014,9900,9945,587820,0.0
2016-10-05,9954,9989,9920,9920,369611,-0.002513826043237799
2016-10-06,9964,9989,9910,9930,320386,0.0010080645161290036
2016-10-07,9925,9939,9723,9768,430314,-0.01631419939577039
2016-10-10,9762,9786,9703,9783,372121,0.0015356265356265553
2016-10-11,9772,9801,9653,9689,338388,-0.009608504548706986
2016-10-12,9663,9708,9629,9693,497284,0.00041283930230151533
2016-10-13,9683,9713,9584,9586,731046,-0.011038894047250558
2016-10-14,9599,9643,9559,9581,649418,-0.0005215939912371903
2016-10-17,9624,9624,9496,9531,749794,-0.005218661935079805
2016-10-18,9544,9614,9535,9605,900580,0.007764138075752713
2016-10-19,9624,9663,9604,9630,352728,0.0026028110359188616
2016-10-20,9648,9653,9549,9561,375723,-0.007165109034267925
2016-10-21,9559,9579,9476,9501,503155,-0.006275494195167819
2016-10-24,9506,9521,9407,9417,784395,-0.008841174613198666
2016-10-25,9412,9432,9249,9334,803693,-0.008813847297440836
2016-10-26,9288,9367,9220,9364,1472335,0.0032140561388471767
2016-10-27,9347,9574,9328,9576,1599597,0.022639897479709514
2016-10-28,9564,9564,9377,9427,879248,-0.015559732664995773
2016-10-31,9392,9392,9225,9260,1153413,-0.017715073724408614
2016-11-01,9200,9372,9190,9294,2376479,0.003671706263498997
2016-11-02,9235,9254,9071,9083,1644504,-0.022702819023025622
2016-11-03,9018,9185,9013,9127,3427213,0.004844214466585894
2016-11-04,9096,9150,9032,9097,1449133,-0.003286950805302946
2016-11-07,9141,9274,9141,9275,1191179,0.019566890183577046
2016-11-08,9298,9308,9249,9280,913931,0.0005390835579515141
2016-11-09,9303,9318,8727,8944,1058868,-0.036206896551724155
2016-11-10,9111,9328,9111,9329,6027491,0.043045617173524064
2016-11-11,9244,9313,9220,9250,439087,-0.008468217386643828
2016-11-14,9244,9249,9185,9186,1102638,-0.006918918918918937
2016-11-15,9165,9200,9076,9093,712158,-0.010124101894186777
2016-11-16,9126,9244,9126,9235,957596,0.015616408226108103
2016-11-17,9225,9254,9170,9230,643525,-0.0005414185165132368
2016-11-18,9220,9220,9096,9097,759386,-0.01440953412784396
2016-11-21,9071,9071,8894,8924,1040398,-0.019017258436847317
2016-11-22,8934,9008,8919,8989,1445826,0.007283729269385919
2016-11-23,8953,8983,8825,8871,1536346,-0.013127155412170466
2016-11-24,8869,8909,8717,8787,2338308,-0.009469056476158255
2016-11-25,8751,8840,8751,8841,2366440,0.006145442130419898
2016-11-28,8859,8864,8756,8757,797622,-0.009501187648456089
2016-11-29,8692,8790,8692,8762,823108,0.0005709717939934578
2016-11-30,8771,8795,8742,8796,1224260,0.0038803926044281845
2016-12-01,8780,8785,8697,8747,1391358,-0.00557071396089126
2016-12-02,8737,8742,8578,8580,1509919,-0.0190922602034983
2016-12-05,8568,8568,8465,8471,1249469,-0.012703962703962679
2016-12-06,8485,8553,8480,8505,2320129,0.004013693778774696
2016-12-07,8529,8598,8342,8500,1464800,-0.0005878894767783471
2016-12-08,8548,8638,8485,8530,1699936,0.003529411764705781
2016-12-09,8539,8717,8520,8712,812526,0.021336459554513576
2016-12-12,8761,8879,8737,8876,1704744,0.018824609733700592
2016-12-13,8864,8978,8825,8974,1274772,0.011041009463722329
2016-12-14,9042,9042,8944,8989,1249351,0.0016714954312457841
2016-12-15,8929,9061,8914,9063,993333,0.008232283902547488
2016-12-16,9076,9116,8998,9073,1758133,0.0011033873993158139
2016-12-19,9121,9121,9046,9083,1467198,0.0011021712774164083
2016-12-20,9101,9101,8948,8949,1041802,-0.01475283496642077
2016-12-21,8973,8993,8904,8934,1335795,-0.0016761649346295204
2016-12-22,8929,8958,8879,8886,952845,-0.005372733378106065
2016-12-23,8869,8983,8854,8984,1273023,0.011028584289894283
2016-12-26,8983,9003,8944,8949,577378,-0.003895814781834317
2016-12-27,8919,9003,8919,9003,813442,0.006034193764666407
2016-12-28,9106,9230,9061,9186,2009656,0.020326557814061896
2016-12-29,9205,9283,9150,9240,2135886,0.005878510777269863
2017-01-02,9240,9278,9180,9250,1660731,0.0010822510822510178
2017-01-03,9244,9269,9205,9245,1168692,-0.000540540540540535
2017-01-04,9278,9347,9244,9319,1411456,0.008004326663061168
2017-01-05,9357,9407,9328,9344,1302517,0.0026826912758879384
2017-01-06,9362,9392,9303,9384,1225856,0.0042808219178083196
2017-01-09,9397,9417,9333,9349,1221731,-0.0037297527706734446
2017-01-10,9338,9338,9170,9215,1602756,-0.014333083752272935
2017-01-11,9240,9293,9210,9245,1042056,0.0032555615843732344
2017-01-12,9244,9244,9145,9147,1260232,-0.010600324499729585
2017-01-13,9170,9278,9155,9225,1193819,0.008527386028206019
2017-01-16,9269,9269,9136,9147,1079500,-0.008455284552845499
2017-01-17,9155,9200,9061,9083,1007104,-0.006996829561604856
2017-01-18,9091,9141,9042,9107,1122700,0.002642298799955922
2017-01-19,9145,9185,9096,9097,680462,-0.0010980564401009696
2017-01-20,9096,9145,9056,9078,950385,-0.0020886006375728794
2017-01-23,9076,9106,8988,9008,353681,-0.007710949548358714
2017-01-24,8998,9027,8948,8949,874589,-0.006549733570159866
2017-01-25,8973,8998,8884,8919,499254,-0.003352329869259152
2017-01-26,8929,8993,8879,8994,787052,0.008409014463504949
2017-01-31,8983,9032,8958,8979,1226536,-0.0016677785190126748
2017-02-01,9003,9096,8973,9097,724990,0.013141775253368904
2017-02-02,9096,9136,8978,8984,1647151,-0.01242167747609102
2017-02-03,9003,9056,8929,8964,822968,-0.0022261798753339113
2017-02-06,8988,9027,8944,9028,656885,0.007139669790272141
2017-02-07,9008,9046,8963,8994,970852,-0.0037660611431102886
2017-02-08,8993,9008,8929,8994,457760,0.0
2017-02-09,8998,9018,8953,8994,882579,0.0
2017-02-10,9023,9061,8993,9028,897741,0.003780297976428759
2017-02-13,9051,9051,9003,9053,668180,0.0027691626052281926
2017-02-14,9071,9076,8993,9018,467971,-0.0038661217276041437
2017-02-15,9032,9126,9008,9127,617283,0.012086937236637896
2017-02-16,9145,9150,9091,9127,1506830,0.0
2017-02-17,9086,9170,9076,9147,632697,0.0021913005368685567
2017-02-20,9136,9175,9131,9161,504269,0.0015305564666010518
2017-02-21,9165,9210,9160,9191,717961,0.0032747516646653985
2017-02-22,9220,9235,9180,9200,1280422,0.0009792188010009362
2017-02-23,9180,9225,9126,9132,856664,-0.007391304347826089
2017-02-24,9170,9180,9126,9142,1075738,0.0010950503723170524
2017-02-27,9136,9160,9086,9112,1131072,-0.0032815576460293316
2017-02-28,9111,9141,9061,9088,863831,-0.0026338893766462146
2017-03-02,9121,9121,9023,9043,697422,-0.00495158450704225
2017-03-03,9008,9032,8904,8959,1579465,-0.009288952781156712
2017-03-06,8904,8988,8879,8979,2059021,0.00223239200803671
2017-03-07,8929,9008,8929,8984,712652,0.0005568548836172305
2017-03-08,9013,9023,8973,8984,1114137,0.0
2017-03-09,8998,9046,8968,8984,1710260,0.0
2017-03-10,8998,9126,8909,9097,1979271,0.01257791629563676
2017-03-13,9091,9101,9061,9097,1089278,0.0
2017-03-14,9116,9116,9027,9033,553125,-0.007035286358139992
2017-03-15,9037,9046,8894,8896,1478629,-0.0151666113140706
2017-03-16,8914,8983,8914,8984,787442,0.009892086330935301
2017-03-17,9003,9003,8939,8954,250443,-0.0033392698130009224
2017-03-20,8934,8953,8845,8904,813041,-0.005584096493187363
2017-03-21,8914,8953,8899,8919,1304746,0.0016846361185984815
2017-03-22,8909,8963,8894,8919,507692,0.0
2017-03-23,8953,8953,8869,8900,388933,-0.002130283664087851
2017-03-24,8909,8948,8889,8949,666987,0.005505617977528132
2017-03-27,8968,9003,8944,8974,1033155,0.002793608224382682
2017-03-28,8973,9042,8973,9043,886234,0.007688878983730829
2017-03-29,9071,9076,9013,9078,846430,0.003870396992148528
2017-03-30,9076,9081,9042,9053,298357,-0.0027539105529852392
2017-03-31,9061,9155,9061,9142,671842,0.009830995250193375
2017-04-03,9165,9313,9141,9309,1447502,0.018267337562896557
2017-04-04,9333,9352,9264,9280,2321843,-0.0031152647975077885
2017-04-05,9308,9352,9269,9314,2456072,0.0036637931034482207
2017-04-06,9313,9387,9249,9389,2192117,0.008052394245222194
2017-04-07,9417,9417,9347,9393,588108,0.00042603046117806187
2017-04-10,9402,9412,9175,9181,700505,-0.022569998935377367
2017-04-11,9210,9293,9141,9240,1141957,0.006426315216207401
2017-04-12,9235,9283,9205,9250,590362,0.0010822510822510178
2017-04-13,9235,9298,9235,9290,373338,0.00432432432432428
2017-04-14,9269,9303,9210,9220,449528,-0.00753498385360607
2017-04-17,9249,9372,9225,9374,785483,0.016702819956616155
2017-04-18,9422,9442,9367,9422,1479821,0.0051205461915937445
2017-04-19,9437,9466,9407,9452,1743384,0.003184037359371672
2017-04-20,9456,9496,9442,9472,1356509,0.0021159542953872457
2017-04-21,9501,9516,9422,9467,915698,-0.0005278716216216006
2017-04-24,9466,9466,9313,9324,1400170,-0.015105101933030496
2017-04-25,9382,9407,9352,9407,1439310,0.008901758901758816
2017-04-26,9446,9466,9422,9442,843629,0.0037206335707451466
2017-04-27,9472,9477,9372,9383,1135104,-0.006248676127939001
2017-04-28,9412,9447,9322,9368,440549,-0.0015986358307576998
2017-05-02,9362,9407,9342,9368,212405,0.0
2017-05-04,9372,9512,9372,9507,676246,0.0148377455166524
2017-05-08,9541,9721,9541,9716,1130162,0.021983801409487747
2017-05-10,9771,9776,9646,9676,879583,-0.004116920543433489
2017-05-11,9681,9766,9666,9761,477733,0.008784621744522436
2017-05-12,9776,9810,9671,9711,226199,-0.005122425980944589
2017-05-15,9671,9761,9661,9711,756675,0.0
2017-05-16,9766,9766,9616,9642,969397,-0.007105344454742091
2017-05-17,9666,9676,9616,9632,767189,-0.001037129226301614
2017-05-18,9551,9611,9512,9582,1776414,-0.005191029900332267
2017-05-19,9606,9671,9596,9617,1167261,0.00365268211229397
2017-05-22,9696,9696,9611,9656,88661,0.004055318706457367
2017-05-23,9681,9701,9631,9701,257278,0.004660314830157386
2017-05-24,9701,9751,9671,9731,718321,0.0030924646943613077
2017-05-25,9756,9785,9696,9706,434637,-0.002569109032987349
2017-05-26,9706,9756,9691,9731,873756,0.002575726354832053
2017-05-29,9736,9756,9671,9686,562385,-0.0046243962593772725
2017-05-30,9711,9766,9671,9741,1008150,0.005678298575263252
2017-05-31,9795,9840,9761,9811,1650741,0.007186120521507133
2017-06-01,9840,9865,9790,9861,948119,0.005096320456630332
2017-06-02,9910,9955,9880,9940,1150449,0.00801135787445495
2017-06-05,9960,10034,9950,10035,1072004,0.009557344064386353
2017-06-07,10059,10149,10020,10150,810720,0.011459890383657134
2017-06-08,10194,10264,10159,10264,834223,0.011231527093596094
2017-06-09,10269,10298,10214,10299,1011725,0.0034099766173032453
2017-06-12,10234,10234,10025,10060,1954036,-0.023206136518108544
2017-06-13,10059,10179,10059,10179,1425973,0.011829025844930507
2017-06-14,10259,10288,10169,10199,1056842,0.0019648295510363845
2017-06-15,10229,10234,10089,10189,370256,-0.000980488283164993
2017-06-16,10169,10209,10119,10204,430279,0.0014721758759446146
2017-06-19,10204,10323,10204,10314,193519,0.010780086240689934
2017-06-20,10368,10398,10279,10289,1216959,-0.002423889858444883
2017-06-21,10249,10259,10169,10189,567007,-0.00971911750413057
2017-06-22,10234,10259,10129,10140,366772,-0.004809107861419193
2017-06-23,10164,10259,10164,10239,447450,0.009763313609467472
2017-06-26,10279,10283,10204,10259,586524,0.001953315753491447
2017-06-27,10318,10358,10274,10309,787647,0.00487376937323325
2017-06-28,10259,10303,10189,10204,1777830,-0.010185275002425054
2017-06-29,10249,10293,10199,10229,247540,0.002450019600156894
2017-06-30,10174,10288,10174,10254,301555,0.002444031674650571
2017-07-03,10209,10269,10109,10169,793575,-0.008289448020284751
2017-07-04,10179,10194,10059,10110,428452,-0.0058019470941095275
2017-07-05,10109,10154,10084,10150,515522,0.003956478733926794
2017-07-06,10174,10219,10174,10194,507620,0.004334975369458149
2017-07-07,10199,10239,10184,10229,671394,0.003433392191485085
2017-07-10,10239,10239,10114,10140,129437,-0.008700752761755748
2017-07-11,10159,10159,10059,10090,84906,-0.004930966469428033
2017-07-12,10089,10104,9945,9965,652147,-0.012388503468780954
2017-07-13,10005,10039,9955,10005,1153745,0.004014049172102352
2017-07-14,10005,10044,9945,10010,1670317,0.0004997501249375258
2017-07-17,10064,10139,10064,10125,274180,0.011488511488511488
2017-07-18,10149,10189,10139,10179,103266,0.005333333333333412
2017-07-19,10219,10318,10204,10309,579532,0.012771392081736943
2017-07-20,10348,10458,10313,10389,945067,0.007760209525657258
2017-07-21,10453,10453,10328,10349,752858,-0.0038502262007893417
2017-07-24,10413,10433,10343,10374,416300,0.0024156923374238914
2017-07-25,10473,10473,10219,10229,566341,-0.01397725081935608
2017-07-26,10239,10288,10189,10289,474801,0.0058656760191611035
2017-07-27,10283,10338,10259,10299,295209,0.0009719117504130015
2017-07-28,10264,10264,10069,10120,145159,-0.017380328187202587
2017-07-31,10039,10139,9955,10075,1699233,-0.0044466403162055634
2017-08-01,10074,10119,10010,10055,1060852,-0.001985111662531014
2017-08-02,10089,10129,10069,10100,750468,0.004475385380407815
2017-08-03,10149,10149,9860,9886,196035,-0.021188118811881207
2017-08-04,9870,9935,9766,9816,1637188,-0.007080720210398517
2017-08-07,9870,10015,9840,9990,884726,0.01772616136919325
2017-08-08,9960,10044,9930,10005,816828,0.0015015015015014122
2017-08-09,9980,10000,9910,9910,792315,-0.009495252373813101
2017-08-10,9905,9990,9830,9930,856654,0.0020181634712410634
2017-08-11,9726,9890,9691,9691,1465812,-0.024068479355488392
2017-08-14,9726,9810,9716,9766,2094704,0.00773913940769777
2017-08-16,9870,9905,9830,9905,458654,0.014233053450747546
2017-08-17,9940,10049,9905,10050,710667,0.01463907117617369
2017-08-18,9900,10069,9900,10035,1229013,-0.0014925373134327957
2017-08-21,10099,10099,9980,9980,557694,-0.005480817140009919
2017-08-22,10010,10079,10010,10070,775108,0.009018036072144353
2017-08-23,10129,10139,10034,10055,1003683,-0.001489572989076482
2017-08-24,10079,10109,10049,10105,407391,0.004972650422675251
2017-08-25,10119,10149,10104,10125,1114722,0.0019792182088074206
2017-08-28,10149,10239,10144,10209,1083870,0.008296296296296246
2017-08-29,10204,10249,10124,10244,1811258,0.003428347536487353
2017-08-30,10279,10308,10209,10209,2521639,-0.0034166341272939826
2017-08-31,10264,10298,10239,10299,2254196,0.00881575080811059
2017-09-01,10373,10398,10313,10379,1142701,0.007767744441207869
2017-09-04,10089,10293,10089,10209,1447094,-0.016379227285865716
2017-09-05,10303,10308,10159,10219,710694,0.000979527867567942
2017-09-06,10219,10298,10194,10299,730641,0.007828554653097175
2017-09-07,10298,10413,10298,10379,2563582,0.007767744441207869
2017-09-08,10378,10433,10328,10344,2830131,-0.0033721938529723827
2017-09-11,10388,10453,10378,10413,1108698,0.006670533642691323
2017-09-12,10468,10488,10418,10443,1470718,0.0028810141169692827
2017-09-13,10463,10493,10413,10433,998071,-0.0009575792396820937
2017-09-14,10498,10587,10448,10493,1466214,0.005750982459503451
2017-09-15,10528,10786,10488,10762,1904380,0.02563613837796619
2017-09-18,10826,10946,10826,10882,1967797,0.011150343802267315
2017-09-19,10906,10931,10801,10911,1670529,0.0026649512957177546
2017-09-20,10956,11026,10841,10842,1567160,-0.006323893318669227
2017-09-21,10901,10926,10697,10782,1888702,-0.005534034311012737
2017-09-22,10777,10786,10592,10638,1358620,-0.013355592654423987
2017-09-25,10612,10757,10572,10662,1208089,0.002256063169768785
2017-09-26,10647,10737,10597,10677,877696,0.0014068655036578726
2017-09-27,10677,10796,10677,10762,1457686,0.007961037744684818
2017-09-28,10831,10851,10702,10702,963719,-0.005575171901133658
2017-09-29,10727,10767,10677,10762,1152985,0.005606428704914901
2017-10-10,10811,10876,10806,10872,616602,0.010221148485411558
2017-10-11,10871,10956,10861,10892,1152604,0.0018395879323032105
2017-10-12,10946,11031,10926,11001,1708834,0.010007344840249788
2017-10-13,11090,11329,11026,11086,2579508,0.007726570311789915
2017-10-16,11180,11284,11006,11170,1635703,0.007577124300920168
2017-10-17,11120,11529,11120,11494,1863019,0.02900626678603402
2017-10-18,11583,11748,11474,11489,1922558,-0.00043500957021058717
2017-10-19,11563,11608,11384,11419,1695796,-0.006092784402471962
2017-10-20,11404,11598,11364,11599,2075591,0.015763201681408212
2017-10-23,11603,11673,11568,11654,1507562,0.004741788085179666
2017-10-24,11573,11907,11573,11908,1583621,0.021795091813969547
2017-10-25,11892,11942,11817,11903,3144002,-0.00041988579106477797
2017-10-26,11852,11912,11668,11673,2426769,-0.01932285978324788
2017-10-27,11673,11902,11673,11898,3349578,0.019275250578257408
2017-10-30,11897,11952,11852,11927,2554197,0.0024373844343588136
2017-10-31,11922,11987,11887,11987,1557030,0.005030602833906217
2017-11-01,12036,12041,11967,11992,616610,0.0004171185450905224
2017-11-02,11992,12081,11892,12007,663751,0.0012508338892596171
2017-11-03,12027,12186,12027,12186,789948,0.014907970350628741
2017-11-06,12181,12271,12126,12271,1172669,0.006975217462662053
2017-11-07,12271,12276,12056,12122,1898111,-0.012142449678102851
2017-11-08,12156,12365,12141,12361,4541013,0.01971621844580107
2017-11-09,12375,12420,12226,12316,2389414,-0.0036404821616373706
2017-11-10,12300,12559,12300,12560,1463324,0.019811627151672617
2017-11-13,12579,13072,12579,13063,3916310,0.04004777070063703
2017-11-14,13157,13570,13097,13566,5564157,0.03850570313098056
2017-11-15,13635,14068,13511,13929,12670720,0.026758071649712445
2017-11-16,14078,14193,13620,14193,8257418,0.018953262976523888
2017-11-17,14034,14113,13874,13949,2890530,-0.017191573310787023
2017-11-20,13909,14288,13909,14288,2937850,0.02430281740626561
2017-11-21,14337,14517,14188,14328,3151950,0.0027995520716685984
2017-11-22,14407,14447,13969,14059,3738017,-0.018774427694025708
2017-11-23,13849,14402,13690,14403,8382983,0.024468312113236967
2017-11-24,14337,14457,14078,14079,3077218,-0.022495313476359136
2017-11-27,13994,14228,13864,14069,2823314,-0.0007102777185880038
2017-11-28,14113,14173,13531,13531,2869346,-0.038240102352690264
2017-11-29,13590,13775,13466,13730,3071095,0.014706969181878637
2017-11-30,13690,13755,13471,13521,4410649,-0.01522214129643118
2017-12-01,13665,13964,13650,13944,2463346,0.031284668293765305
2017-12-04,13924,13954,13700,13775,2205294,-0.012119908204245577
2017-12-05,13770,13785,13451,13451,3516882,-0.023520871143375643
2017-12-06,13506,13675,13197,13287,3063162,-0.012192402051892093
2017-12-07,13351,13376,12848,13023,3563977,-0.019869044931135726
2017-12-08,13047,13152,12863,12889,2738643,-0.01028948782922523
2017-12-11,12913,13346,12898,13347,1707169,0.03553417642951362
2017-12-12,13386,13436,13067,13217,1617753,-0.009740016483104852
2017-12-13,13237,13511,13222,13357,3388252,0.010592418854505459
2017-12-14,13486,13511,13132,13451,3461642,0.007037508422550021
2017-12-15,13257,13401,13127,13262,1724600,-0.01405099992565606
2017-12-18,13272,13366,13147,13148,1593887,-0.008595988538681931
2017-12-19,13167,13167,12813,13148,3569362,0.0
2017-12-20,13008,13142,12928,12938,4988066,-0.015972010952236104
2017-12-21,12848,13018,12704,12704,4516072,-0.01808625753594062
2017-12-22,12754,13247,12674,13247,9295119,0.04274244332493704
2017-12-26,13257,13670,13247,13327,6035745,0.00603910319317591
2017-12-27,13745,14078,13580,14049,9128406,0.05417573347339988
2017-12-28,14083,14208,13944,14208,6993956,0.011317531496903621
2018-01-02,14228,14472,14188,14418,7935369,0.014780405405405483
2018-01-03,14497,14726,14422,14652,8902666,0.01622971285892638
2018-01-04,14731,14731,14153,14313,8920705,-0.023136773136773092
2018-01-05,14342,14810,14342,14811,8575370,0.03479354433032911
2018-01-08,14830,15249,14830,15249,13273793,0.029572614948349285
2018-01-09,15249,15403,15010,15110,11074803,-0.00911535182634926
2018-01-10,15144,15318,14800,15130,10067115,0.001323626737260053
2018-01-11,15119,15672,15030,15672,10069640,0.03582286847323202
2018-01-12,15712,16967,15712,16454,14002007,0.04989790709545683
2018-01-15,16544,16977,16200,16977,10634539,0.031785584052510085
2018-01-16,16932,17181,16698,17072,10150549,0.005595806090593181
2018-01-17,17121,17246,16573,16584,10865742,-0.028584817244611038
2018-01-18,16613,16877,16549,16813,14728210,0.013808490110950311
2018-01-19,16872,16912,16011,16175,10692366,-0.037946826860167704
2018-01-22,16016,16170,15707,15941,11080586,-0.01446676970633698
2018-01-23,16075,16598,16075,16599,6334566,0.041277209710808505
2018-01-24,16708,16773,16364,16469,7055349,-0.007831797096210624
2018-01-25,16374,16454,16150,16439,6536531,-0.0018216042261217646
2018-01-26,16399,16698,16280,16669,4892227,0.013991118681184966
2018-01-29,16668,17151,16663,17092,5286919,0.025376447297378313
2018-01-30,17091,17211,16907,16942,7620786,-0.008776035572197527
2018-01-31,16648,16902,16558,16753,7499253,-0.01115570770865304
2018-02-01,16753,16927,16354,16370,8217476,-0.022861577030979574
2018-02-02,16429,16489,16011,16315,9671631,-0.003359804520464249
2018-02-05,15896,16055,15478,15478,6332970,-0.05130248237817958
2018-02-06,14766,15627,14726,15583,14026512,0.006783822199250444
2018-02-07,15712,15901,14850,14851,8295382,-0.046974266829237
2018-02-08,14920,15806,14711,15687,9982945,0.056292505555181505
2018-02-09,14990,15323,14990,15090,5645108,-0.03805698986421879
2018-02-12,15323,15348,15054,15055,7570457,-0.0023194168323392717
2018-02-13,15234,15284,14661,14662,2771923,-0.026104284290933255
2018-02-14,14791,15179,14646,15179,4594516,0.03526121947892502
2018-02-19,15333,15816,15264,15817,4340007,0.042031754397522825
2018-02-20,15787,15787,15338,15423,5266965,-0.024909907062021897
2018-02-21,15473,15806,15413,15687,3535752,0.01711729235557291
2018-02-22,15562,15622,15378,15558,2153800,-0.008223369669152825
2018-02-23,15687,15737,15587,15658,2283844,0.006427561383211211
2018-02-26,15747,15936,15592,15717,3437535,0.003768041895516605
2018-02-27,15856,15916,15682,15682,4313715,-0.0022268880829674487
2018-02-28,15518,15587,15244,15354,4964190,-0.020915699528121445
2018-03-02,15104,15488,15104,15478,7225647,0.008076071382050243
2018-03-05,15483,15513,15244,15244,4119275,-0.015118232329758396
2018-03-06,15398,15567,15363,15538,2857921,0.019286276567829885
2018-03-07,15538,15637,15109,15110,3768814,-0.0275453726348307
2018-03-08,15239,15473,15229,15379,5390798,0.01780277961614818
2018-03-09,15403,15702,15403,15573,4813087,0.012614604330580592
2018-03-12,15717,16046,15712,16046,5459262,0.030373081615616693
2018-03-13,15996,16065,15881,15996,4669309,-0.0031160413810294996
2018-03-14,15901,16031,15851,16016,2561998,0.0012503125781444524
2018-03-15,16016,16190,15956,16026,3997076,0.0006243756243755616
2018-03-16,16046,16135,16026,16106,2725679,0.004991888181704818
2018-03-19,15986,16105,15797,15797,2896005,-0.019185396746554062
2018-03-20,15677,16115,15647,16116,2988276,0.020193707666012584
2018-03-21,16115,16245,15991,15991,4528730,-0.007756267063787514
2018-03-22,16055,16165,15592,15677,6855853,-0.019636045275467473
2018-03-23,15239,15378,14681,14691,12056581,-0.06289468648338326
2018-03-26,14741,15338,14631,15299,14887256,0.04138588251310327
2018-03-27,15403,15433,15249,15269,5995397,-0.0019609124779397247
2018-03-28,15040,15184,14905,15140,5738892,-0.008448490405396525
2018-03-29,15219,15538,15169,15538,5086279,0.026287978863936523
2018-03-30,15538,15607,15478,15533,4874238,-0.0003217917363882439
2018-04-02,15572,15612,15368,15369,4527892,-0.010558166484259335
2018-04-03,15209,15523,15189,15523,2550153,0.010020170473030054
2018-04-04,15577,15612,15274,15354,3706504,-0.010887070798170417
2018-04-05,15562,15637,15408,15513,4592202,0.010355607659241928
2018-04-06,15388,15513,15353,15468,3569676,-0.0029007928833881813
2018-04-09,15498,15657,15483,15658,2838724,0.012283423842772256
2018-04-10,15602,15662,15498,15638,4668220,-0.0012773023374632597
2018-04-11,15697,15737,15652,15692,2928305,0.0034531269983373303
2018-04-12,15707,15737,15478,15478,3122096,-0.013637522304358884
2018-04-13,15523,15707,15418,15653,3628865,0.011306370332084148
2018-04-16,15667,15727,15642,15663,2452787,0.0006388551715326152
2018-04-17,15692,15697,15582,15643,3185564,-0.001276894592351363
2018-04-18,15727,15742,15518,15523,2036291,-0.007671162820430899
2018-04-19,15468,15498,15199,15339,5314995,-0.01185337885717963
2018-04-20,15254,15408,15134,15299,5603777,-0.0026077319251580633
2018-04-23,15254,15333,15005,15025,2851018,-0.017909667298516285
2018-04-24,15059,15134,14845,14846,7595444,-0.011913477537437656
2018-04-25,14731,14950,14631,14786,1801156,-0.004041492657955059
2018-04-26,14880,15045,14786,15045,1178624,0.017516569728121212
2018-04-27,15190,15230,15045,15230,2499125,0.012296444001329343
2018-04-30,15230,15235,14870,14920,2804540,-0.020354563361785982
2018-05-02,14900,15040,14690,14795,3004862,-0.008378016085790918
2018-05-03,14835,14900,14675,14675,2010697,-0.00811084825954711
2018-05-04,14625,14720,14285,14285,2045674,-0.026575809199318567
2018-05-08,14385,14555,13710,13800,2706587,-0.03395169758487926
2018-05-09,13800,14335,13445,14215,5829584,0.03007246376811601
2018-05-10,14225,14315,14050,14250,2956394,0.0024621878297572675
2018-05-11,14175,14500,14175,14385,3436450,0.0094736842105263
2018-05-14,14375,14400,14050,14050,2086631,-0.023288147375738588
2018-05-15,14190,14305,14085,14240,1876785,0.013523131672597888
2018-05-16,14180,14370,14095,14170,1321733,-0.004915730337078705
2018-05-17,14255,14365,14140,14365,1553393,0.013761467889908285
2018-05-18,14370,14580,14335,14550,2086801,0.012878524190741425
2018-05-21,14530,14680,14495,14510,1765935,-0.0027491408934707806
2018-05-23,14535,14580,14405,14485,2234329,-0.00172294968986908
2018-05-24,14520,14725,14520,14710,1842988,0.015533310321021787
2018-05-25,14600,14855,14600,14840,3147543,0.008837525492862097
2018-05-28,14840,14910,14735,14900,3912881,0.0040431266846361336
2018-05-29,14905,15020,14485,14545,2085934,-0.023825503355704658
2018-05-30,14685,14860,14435,14860,4545640,0.021656926778961916
2018-05-31,14935,14935,14695,14880,2571980,0.0013458950201883368
2018-06-01,14830,15000,14830,14915,1396749,0.0023521505376344898
2018-06-04,14950,14950,14675,14730,2388844,-0.012403620516258762
2018-06-05,14775,14860,14595,14720,1240429,-0.0006788866259335169
2018-06-07,14740,14935,14710,14935,1366400,0.014605978260869623
2018-06-08,14870,14905,14670,14695,4772040,-0.01606963508536996
2018-06-11,14685,14800,14650,14680,1038073,-0.0010207553589656193
2018-06-12,14685,14895,14640,14725,1133257,0.003065395095367851
2018-06-14,14640,14785,14500,14500,1889857,-0.015280135823429575
2018-06-15,14560,14620,14520,14615,3993390,0.007931034482758559
2018-06-18,14565,14625,13890,14115,5513979,-0.034211426616489904
2018-06-19,14070,14235,13725,13725,5322712,-0.02763018065887357
2018-06-20,13780,14230,13775,14230,5506392,0.03679417122040074
2018-06-21,14180,14225,13900,13905,3049743,-0.02283907238229088
2018-06-22,13910,14090,13740,14090,2941426,0.013304566702625031
2018-06-25,14070,14220,13980,14195,1640080,0.0074520936834634455
2018-06-26,14020,14200,13870,14120,2160913,-0.005283550545966853
2018-06-27,14110,14300,14005,14005,2206069,-0.008144475920679906
2018-06-28,13920,14025,13750,13750,2812599,-0.018207782934666183
2018-06-29,13860,14000,13645,13910,4104978,0.011636363636363667
2018-07-02,13910,13955,13420,13490,3587951,-0.030194104960460155
2018-07-03,13610,13780,13325,13590,4689724,0.007412898443291294
2018-07-04,13600,13745,13510,13635,2389496,0.0033112582781456013
2018-07-05,13640,13695,13365,13650,2948942,0.0011001100110010764
2018-07-06,13700,14045,13530,14010,2703023,0.02637362637362628
2018-07-09,13995,14145,13900,14025,2237671,0.0010706638115631772
2018-07-10,14090,14135,13980,13985,1950579,-0.0028520499108734
2018-07-11,13890,13900,13620,13620,1779903,-0.026099392205934935
2018-07-12,13675,13935,13655,13880,2720601,0.019089574155653377
2018-07-13,13865,14070,13865,14040,2792421,0.011527377521613813
2018-07-16,14090,14125,13925,13995,2568815,-0.0032051282051281937
2018-07-17,13995,14010,13785,13785,2484527,-0.015005359056806
2018-07-18,13835,13985,13630,13630,3605117,-0.011244105912223468
2018-07-19,13710,13730,13415,13445,4178427,-0.013573000733675733
2018-07-20,13455,13505,13215,13305,6007407,-0.010412792859799236
2018-07-23,13305,13320,12625,12655,6133398,-0.0488538143555054
2018-07-24,12730,12845,12600,12625,7669161,-0.00237060450414861
2018-07-25,12665,12695,12185,12285,7025378,-0.026930693069306955
2018-07-26,12425,12690,12350,12690,5048758,0.03296703296703307
2018-07-27,12675,12760,12585,12740,2070406,0.003940110323088941
2018-07-30,12685,12710,12450,12535,5061163,-0.016091051805337542
2018-07-31,12515,12740,12435,12740,3692095,0.016354208216992516
2018-08-01,12830,13120,12800,13110,3546657,0.029042386185243352
2018-08-02,13060,13060,12780,12855,5997253,-0.0194508009153318
2018-08-03,12945,13035,12900,13025,2411738,0.01322442629327103
2018-08-06,13025,13070,12765,12795,2940232,-0.017658349328214973
2018-08-07,12835,12950,12700,12920,2670776,0.009769441187964079
2018-08-08,12990,13050,12790,12900,2640670,-0.001547987616099089
2018-08-09,12855,13065,12765,13065,3029965,0.012790697674418539
2018-08-10,13035,13115,12870,13005,3472799,-0.004592422502870286
2018-08-13,12880,12885,12450,12475,4945273,-0.040753556324490625
2018-08-14,12545,12655,12465,12640,5458173,0.013226452905811703
2018-08-16,12390,12650,12270,12590,2743251,-0.003955696202531667
2018-08-17,12700,12915,12640,12830,2439029,0.019062748212867353
2018-08-20,12890,13000,12750,12750,3482939,-0.00623538581449723
2018-08-21,12800,13275,12790,13215,3420865,0.03647058823529403
2018-08-22,13210,13310,13060,13060,5097676,-0.011729095724555383
2018-08-23,13125,13245,13000,13245,2974236,0.01416539050535981
2018-08-24,13210,13450,13105,13415,3039100,0.0128350320875803
2018-08-27,13455,13580,13405,13540,4545636,0.0093179276928812
2018-08-28,13640,13670,13400,13400,3368288,-0.010339734121122546
2018-08-29,13420,13520,13375,13510,2800273,0.008208955223880654
2018-08-30,13550,13635,13450,13530,2392165,0.001480384900073961
2018-08-31,13495,13900,13445,13825,4301962,0.021803399852180272
2018-09-03,13825,13885,13710,13815,3572852,-0.0007233273056057588
2018-09-04,13840,14120,13820,14075,3744788,0.01882012305465075
2018-09-05,14020,14105,13850,13850,4609178,-0.01598579040852577
2018-09-06,13825,13905,13695,13750,4479344,-0.0072202166064981865
2018-09-07,13725,13885,13645,13810,3141966,0.004363636363636347
2018-09-10,13810,13845,13730,13760,3044913,-0.003620564808110016
2018-09-11,13765,13910,13755,13875,2138566,0.008357558139534982
2018-09-12,13930,14145,13915,14070,3462358,0.014054054054054133
2018-09-13,14135,14190,14015,14160,3175614,0.006396588486140775
2018-09-14,14225,14370,14140,14315,3672551,0.01094632768361592
2018-09-17,14330,14375,14165,14260,2596849,-0.0038421236465245867
2018-09-18,14165,14380,14145,14355,1666006,0.0066619915848527
2018-09-19,14345,14370,14210,14285,2605099,-0.004876349703935912
2018-09-20,14320,14510,14100,14145,2549937,-0.00980049002450123
2018-09-21,14185,14260,14125,14240,2789569,0.0067161541180629225
2018-09-27,14240,14405,14210,14370,2967269,0.009129213483145993
2018-09-28,14390,14500,14150,14150,3700968,-0.015309672929714635
2018-10-01,14205,14220,13985,14105,2899682,-0.0031802120141343204
2018-10-02,14080,14120,13590,13590,2928450,-0.03651187522155264
2018-10-04,13650,13720,13375,13505,4312750,-0.006254598969830716
2018-10-05,13460,13605,13170,13240,4078112,-0.01962236208811552
2018-10-08,13230,13475,13070,13070,5776793,-0.012839879154078582
2018-10-10,13080,13190,12840,12920,4648245,-0.011476664116296886
2018-10-11,12525,12715,12315,12345,10946718,-0.044504643962848256
2018-10-12,12360,12855,12360,12855,20058361,0.04131227217496969
2018-10-15,12815,12820,12425,12425,3560030,-0.033450019447685775
2018-10-16,12595,12755,12525,12705,3074544,0.022535211267605604
2018-10-17,12910,12945,12625,12805,4127669,0.007870916961826069
2018-10-18,12810,12810,12540,12545,3073264,-0.02030456852791873
2018-10-19,12485,12840,12380,12830,4030244,0.02271821442805888
2018-10-22,12710,12945,12645,12930,2064831,0.0077942322681214815
2018-10-23,12825,12845,12410,12460,5487554,-0.03634957463263733
2018-10-24,12605,12685,12075,12135,6467873,-0.026083467094702995
2018-10-25,11830,12110,11715,12025,14835459,-0.009064688916357588
2018-10-26,12080,12135,11525,11595,14254371,-0.03575883575883576
2018-10-29,11685,11930,11245,11280,11727740,-0.027166882276843496
2018-10-30,11220,11550,11080,11535,16439531,0.022606382978723305
2018-10-31,11560,11560,11260,11285,9078381,-0.02167316861725188
2018-11-01,11365,11615,11300,11300,5862782,0.0013291980505094614
2018-11-02,11480,11995,11455,11990,9723456,0.06106194690265476
2018-11-05,11940,12065,11785,12020,13533140,0.002502085070892335
2018-11-06,12075,12090,11780,11985,8855702,-0.002911813643926786
2018-11-07,11975,12115,11775,11780,4559119,-0.017104714226115925
2018-11-08,12000,12050,11870,11950,5206335,0.014431239388794648
2018-11-09,11900,11950,11610,11710,6442893,-0.020083682008368187
2018-11-12,11555,11590,11300,11300,6028987,-0.035012809564474834
2018-11-13,11110,11410,10980,11340,6304700,0.003539823008849474
2018-11-14,11300,11605,11180,11345,5123502,0.00044091710758387137
2018-11-15,11390,11680,11290,11680,4322772,0.029528426619656267
2018-11-16,11715,11885,11655,11820,7712075,0.011986301369863117
2018-11-19,11825,12155,11825,12140,7894146,0.027072758037224975
2018-11-20,11930,12010,11820,11825,5371004,-0.02594728171334426
2018-11-21,11605,11980,11525,11980,4328898,0.013107822410147962
2018-11-22,11950,12030,11825,11930,3150116,-0.004173622704507496
2018-11-23,11910,12005,11745,11760,4839584,-0.014249790444258226
2018-11-26,11785,12080,11775,12025,5376068,0.02253401360544216
2018-11-27,12090,12180,11960,12090,6173529,0.00540540540540535
2018-11-28,12130,12150,12035,12085,3084988,-0.00041356492969391034
2018-11-29,12285,12320,11885,11885,4648567,-0.016549441456350844
2018-11-30,11935,12030,11875,11950,3156898,0.005469078670593097
2018-12-03,12165,12345,12095,12345,2732596,0.033054393305439245
2018-12-04,12275,12330,12140,12240,5557199,-0.008505467800729027
2018-12-05,12000,12150,12000,12100,4634525,-0.011437908496731986
2018-12-06,12010,12040,11655,11655,7620766,-0.03677685950413223
2018-12-07,11800,11915,11710,11855,6607336,0.01716001716001725
2018-12-10,11645,11785,11565,11620,3092975,-0.019822859552931282
2018-12-11,11670,11680,11395,11430,8748265,-0.016351118760757344
2018-12-12,11485,11795,11470,11740,1704301,0.027121609798775204
2018-12-13,11730,11795,11630,11770,1992477,0.0025553662691653045
2018-12-14,11690,11695,11375,11435,3052143,-0.0284621920135939
2018-12-17,11445,11470,11150,11380,4619603,-0.00480979449059904
2018-12-18,11220,11450,11190,11300,4385827,-0.007029876977152849
2018-12-19,11350,11705,11315,11610,5206167,0.02743362831858409
2018-12-20,11510,11795,11465,11585,6236991,-0.0021533161068044704
2018-12-21,11530,11735,11520,11715,5516928,0.011221406991799743
2018-12-24,11655,11765,11615,11675,5358873,-0.0034144259496372564
2018-12-26,11475,11820,11470,11820,3979052,0.012419700214132856
2018-12-27,12180,12180,11725,11750,11934743,-0.005922165820642977
2018-12-28,11765,11830,11665,11800,4845337,0.004255319148936065
2019-01-02,11910,11930,11530,11530,8980755,-0.022881355932203418
2019-01-03,11585,11645,11270,11275,7294135,-0.022116218560277567
2019-01-04,11250,11480,11150,11480,9560192,0.018181818181818077
2019-01-07,11595,11700,11465,11560,3171615,0.006968641114982521
2019-01-08,11565,11595,11410,11440,3384560,-0.01038062283737029
2019-01-09,11505,11675,11490,11600,5466611,0.013986013986013957
2019-01-10,11575,11750,11550,11655,3504318,0.004741379310344795
2019-01-11,11680,11730,11620,11665,3146294,0.0008580008580008069
2019-01-14,11635,11660,11495,11500,2083391,-0.014144877839691428
2019-01-15,11535,11690,11525,11625,3006123,0.010869565217391353
2019-01-16,11645,11650,11510,11605,3296776,-0.0017204301075268713
2019-01-17,11645,11670,11420,11420,3437730,-0.015941404566996997
2019-01-18,11480,11640,11480,11630,3063345,0.01838879159369533
